{"cameraMode":{"drawMode":0,"name":"Shaded","section":"Shading Mode"},"sceneLighting":true,"audioPlay":false,"sceneViewState":{"showFog":true,"showMaterialUpdate":true,"showSkybox":true,"showFlares":true,"showImageEffects":true,"showParticleSystems":true},"in2DMode":false,"pivot":{"x":-13.71759033203125,"y":-30.253196716308595,"z":18.18340301513672},"rotation":{"x":-0.32588982582092287,"y":0.33307772874832156,"z":-0.12387662380933762,"w":-0.8761064410209656},"size":72.11386108398438,"orthographic":false}