{"cameraMode":{"drawMode":0,"name":"Shaded","section":"Shading Mode"},"sceneLighting":false,"audioPlay":false,"sceneViewState":{"showFog":true,"showMaterialUpdate":false,"showSkybox":false,"showFlares":true,"showImageEffects":true,"showParticleSystems":true},"in2DMode":false,"pivot":{"x":5.0121259689331059,"y":1.5461680889129639,"z":-15.905006408691407},"rotation":{"x":-0.006410551723092794,"y":0.9935579299926758,"z":-0.08396568894386292,"w":-0.07585505396127701},"size":1.6669970750808716,"orthographic":false}