{"cameraMode":{"drawMode":0,"name":"Shaded","section":"Shading Mode"},"sceneLighting":true,"audioPlay":false,"sceneViewState":{"showFog":true,"showMaterialUpdate":false,"showSkybox":false,"showFlares":true,"showImageEffects":true,"showParticleSystems":true},"in2DMode":false,"pivot":{"x":0.0,"y":5.792359352111816,"z":0.00010395050048828125},"rotation":{"x":0.008566893637180329,"y":0.9355126619338989,"z":-0.35246050357818606,"w":0.02273833192884922},"size":82.5739517211914,"orthographic":false}