{"cameraMode":{"drawMode":0,"name":"Shaded","section":"Shading Mode"},"sceneLighting":false,"audioPlay":false,"sceneViewState":{"showFog":true,"showMaterialUpdate":true,"showSkybox":false,"showFlares":true,"showImageEffects":true,"showParticleSystems":true},"in2DMode":false,"pivot":{"x":0.0,"y":0.8434170484542847,"z":0.04272010922431946},"rotation":{"x":-0.02373559959232807,"y":-0.9703917503356934,"z":0.10699071735143662,"w":-0.21536226570606233},"size":8.958991050720215,"orthographic":false}